KB,Read Time (ns),Read Time / Number (ns)
1,4659,4659
2,7296,3648
3,9896,3298
4,11923,2980
5,16140,3228
6,19195,3199
7,21234,3033
8,23922,2990
9,28295,3143
10,30436,3043
11,33142,3012
12,39814,3317
13,39514,3039
14,42874,3062
15,45661,3044
16,79813,4988
17,51226,3013
18,53120,2951
19,57512,3026
20,59756,2987
21,65409,3114
22,67474,3067
23,67911,2952
24,71561,2981
25,73874,2954
26,86967,3344
27,80499,2981
28,81631,2915
29,87992,3034
30,89604,2986
31,92273,2976
32,93452,2920
33,99113,3003
34,99814,2935
35,104513,2986
36,104912,2914
37,112238,3033
38,143524,3776
39,117574,3014
40,118897,2972
41,119356,2911
42,137823,3281
43,126587,2943
44,130093,2956
45,134272,2983
46,138644,3014
47,138070,2937
48,139640,2909
49,144374,2946
50,148499,2969
51,150776,2956
52,149485,2874
53,177983,3358
54,167779,3107
55,163753,2977
56,166894,2980
57,166783,2926
58,173401,2989
59,173800,2945
60,176936,2948
61,187667,3076
62,232900,3756
63,185467,2943
64,188543,2945
65,192159,2956
66,205892,3119
67,193100,2882
68,198177,2914
69,206362,2990
70,211131,3016
71,209812,2955
72,212070,2945
73,217761,2983
74,219711,2969
75,219968,2932
76,228982,3012
77,226829,2945
78,226903,2909
79,233736,2958
80,241639,3020
81,242085,2988
82,242128,2952
83,242746,2924
84,250963,2987
85,252980,2976
86,261955,3045
87,261092,3001
88,261752,2974
89,261235,2935
90,265558,2950
91,269202,2958
92,269012,2924
93,279112,3001
94,289098,3075
95,284397,2993
96,279632,2912
97,289168,2981
98,289761,2956
99,290126,2930
100,302557,3025
101,302999,2999
102,312131,3060
103,303415,2945
104,321832,3094
105,309901,2951
106,317363,2993
107,310610,2902
108,335064,3102
109,329927,3026
110,324383,2948
111,326831,2944
112,330591,2951
113,338368,2994
114,435888,3823
115,340640,2962
116,338124,2914
117,355267,3036
118,352652,2988
119,362787,3048
120,347172,2893
121,355455,2937
122,362667,2972
123,363169,2952
124,380444,3068
125,380561,3044
126,386900,3070
127,375727,2958
128,386827,3022
129,382521,2965
130,394088,3031
131,383807,2929
132,382425,2897
133,402060,3023
134,405464,3025
135,391281,2898
136,395324,2906
137,468024,3416
138,409643,2968
139,424161,3051
140,404309,2887
141,428876,3041
142,446129,3141
143,416572,2913
144,432666,3004
145,428017,2951
146,437258,2994
147,438070,2980
148,433016,2925
149,441072,2960
150,451401,3009
151,443749,2938
152,444548,2924
153,454268,2969
154,454603,2951
155,463456,2990
156,459014,2942
157,461243,2937
158,466162,2950
159,479495,3015
160,479959,2999
161,478425,2971
162,487389,3008
163,489944,3005
164,490066,2988
165,488666,2961
166,485089,2922
167,496373,2972
168,488829,2909
169,502218,2971
170,519661,3056
171,529848,3098
172,511198,2972
173,528214,3053
174,519652,2986
175,514943,2942
176,530426,3013
177,543442,3070
178,530345,2979
179,529048,2955
180,547350,3040
181,526748,2910
182,544360,2990
183,545961,2983
184,554335,3012
185,553727,2993
186,557916,2999
187,547059,2925
188,555668,2955
189,572770,3030
190,557923,2936
191,569330,2980
192,576322,3001
193,581748,3014
194,584827,3014
195,566742,2906
196,593285,3026
197,576573,2926
198,580071,2929
199,585694,2943
200,590662,2953
201,610516,3037
202,593187,2936
203,600962,2960
204,595511,2919
205,611095,2980
206,618675,3003
207,629945,3043
208,614769,2955
209,630689,3017
210,616316,2934
211,625637,2965
212,650282,3067
213,637097,2991
214,641043,2995
215,647913,3013
216,642804,2975
217,667762,3077
218,641790,2943
219,644906,2944
220,662650,3012
221,656604,2971
222,656910,2959
223,649686,2913
224,678604,3029
225,675521,3002
226,671589,2971
227,660764,2910
228,661745,2902
229,682166,2978
230,675588,2937
231,692590,2998
232,682200,2940
233,686289,2945
234,694781,2969
235,696330,2963
236,691824,2931
237,710413,2997
238,712817,2995
239,708476,2964
240,718583,2994
241,729715,3027
242,707217,2922
243,711336,2927
244,728386,2985
245,744919,3040
246,728436,2961
247,732687,2966
248,726444,2929
249,743253,2984
250,752321,3009
251,746091,2972
252,737734,2927
253,749655,2963
254,758483,2986
255,754168,2957
256,763428,2982
257,756907,2945
258,781447,3028
259,786538,3036
260,769024,2957
261,760041,2912
262,786419,3001
263,761553,2895
264,794825,3010
265,800666,3021
266,784605,2949
267,791026,2962
268,790021,2947
269,811696,3017
270,809264,2997
271,802023,2959
272,809217,2975
273,800500,2932
274,822424,3001
275,805614,2929
276,823501,2983
277,825975,2981
278,833887,2999
279,845283,3029
280,849083,3032
281,843566,3002
282,826565,2931
283,865794,3059
284,874432,3078
285,855301,3001
286,831642,2907
287,885913,3086
288,851348,2956
289,847841,2933
290,855246,2949
291,854430,2936
292,872910,2989
293,873132,2979
294,873274,2970
295,871629,2954
296,853896,2884
297,911326,3068
298,876366,2940
299,890322,2977
300,889636,2965
301,892339,2964
302,919661,3045
303,908025,2996
304,899729,2959
305,913870,2996
306,926936,3029
307,915410,2981
308,904504,2936
309,934202,3023
310,912967,2945
311,929638,2989
312,979961,3140
313,933514,2982
314,941005,2996
315,974485,3093
316,934512,2957
317,934324,2947
318,969742,3049
319,954519,2992
320,954500,2982
321,949442,2957
322,952228,2957
323,948848,2937
324,1008249,3111
325,990912,3048
326,956631,2934
327,948362,2900
328,973362,2967
329,982928,2987
330,975064,2954
331,978027,2954
332,988925,2978
333,1005680,3020
334,1002181,3000
335,989287,2953
336,1029152,3062
337,992239,2944
338,997627,2951
339,1027327,3030
340,1001053,2944
341,1020153,2991
342,1087075,3178
343,1020181,2974
344,1026505,2984
345,1064428,3085
346,1022598,2955
347,1056793,3045
348,1045391,3003
349,1024652,2935
350,1021428,2918
351,1065035,3034
352,1044814,2968
353,1043379,2955
354,1092162,3085
355,1082076,3048
356,1075689,3021
357,1078654,3021
358,1058091,2955
359,1070763,2982
360,1112914,3091
361,1088980,3016
362,1069408,2954
363,1112281,3064
364,1065097,2926
365,1079062,2956
366,1064709,2909
367,1088309,2965
368,1094837,2975
369,1128891,3059
370,1094559,2958
371,1090811,2940
372,1141088,3067
373,1138803,3053
374,1130187,3021
375,1161474,3097
376,1133786,3015
377,1097483,2911
378,1190571,3149
379,1138997,3005
380,1128452,2969
381,1167473,3064
382,1137387,2977
383,1138455,2972
384,1189563,3097
385,1134011,2945
386,1169631,3030
387,1178207,3044
388,1167605,3009
389,1146000,2946
390,1192394,3057
391,1169400,2990
392,1155734,2948
393,1234463,3141
394,1196643,3037
395,1182862,2994
396,1158586,2925
397,1171251,2950
398,1158752,2911
399,1211742,3036
400,1249023,3122
401,1215973,3032
402,1185804,2949
403,1197869,2972
404,1259208,3116
405,1242377,3067
406,1202116,2960
407,1199721,2947
408,1240855,3041
409,1255603,3069
410,1217313,2969
411,1251218,3044
412,1234975,2997
413,1224582,2965
414,1267472,3061
415,1236691,2979
416,1220088,2932
417,1259462,3020
418,1249211,2988
419,1242586,2965
420,1293712,3080
421,1247136,2962
422,1243165,2945
423,1260218,2979
424,1267854,2990
425,1317778,3100
426,1295786,3041
427,1267036,2967
428,1273717,2975
429,1333245,3107
430,1278454,2973
431,1254254,2910
432,1321848,3059
433,1291511,2982
434,1266719,2918
435,1317568,3028
436,1290929,2960
437,1306575,2989
438,1334267,3046
439,1315009,2995
440,1299928,2954
441,1310304,2971
442,1311822,2967
443,1326901,2995
444,1347884,3035
445,1315064,2955
446,1347884,3022
447,1318186,2948
448,1315424,2936
449,1317756,2934
450,1401771,3115
451,1319567,2925
452,1325250,2931
453,1367115,3017
454,1355697,2986
455,1351044,2969
456,1391280,3051
457,1358967,2973
458,1355405,2959
459,1366734,2977
460,1342023,2917
461,1382265,2998
462,1397931,3025
463,1364575,2947
464,1360246,2931
465,1430608,3076
466,1364069,2927
467,1365632,2924
468,1436452,3069
469,1395073,2974
470,1404825,2988
471,1380111,2930
472,1391928,2949
473,1389615,2937
474,1431315,3019
475,1407826,2963
476,1414313,2971
477,1414649,2965
478,1407736,2945
479,1406402,2936
480,1446266,3013
481,1415720,2943
482,1407919,2920
483,1416430,2932
484,1417467,2928
485,1415347,2918
486,1490951,3067
487,1444105,2965
488,1424617,2919
489,1461553,2988
490,1433355,2925
491,1471806,2997
492,1488636,3025
493,1448310,2937
494,1456015,2947
495,1451064,2931
496,1467112,2957
497,1459446,2936
498,1480202,2972
499,1474283,2954
500,1499106,2998
501,1529475,3052
502,1485854,2959
503,1471560,2925
504,1467358,2911
505,1486057,2942
506,1514812,2993
507,1494873,2948
508,1479200,2911
509,1478123,2903
510,1570098,3078
511,1505146,2945
512,1516653,2962
513,1521381,2965
514,1525872,2968
515,1557423,3024
516,1525120,2955
517,1531399,2962
518,1537067,2967
519,1553321,2992
520,1513114,2909
521,1539124,2954
522,1558849,2986
523,1537349,2939
524,1545259,2948
525,1565611,2982
526,1555067,2956
527,1574203,2987
528,1592644,3016
529,1599375,3023
530,1562322,2947
531,1566983,2951
532,1588573,2986
533,1573506,2952
534,1620927,3035
535,1569915,2934
536,1600988,2986
537,1612456,3002
538,1596238,2966
539,1623633,3012
540,1592917,2949
541,1610581,2977
542,1599923,2951
543,1638356,3017
544,1620029,2977
545,1650538,3028
546,1666681,3052
547,1614866,2952
548,1602020,2923
549,1633935,2976
550,1633405,2969
551,1604282,2911
552,1630782,2954
553,1631049,2949
554,1684601,3040
555,1648659,2970
556,1661917,2989
557,1624589,2916
558,1637467,2934
559,1643881,2940
560,1699600,3035
561,1661493,2961
562,1649319,2934
563,1680252,2984
564,1697139,3009
565,1667847,2951
566,1714173,3028
567,1673923,2952
568,1688138,2972
569,1655594,2909
570,1654314,2902
571,1678173,2939
572,1707421,2985
573,1697895,2963
574,1686533,2938
575,1727675,3004
576,1713013,2973
577,1692343,2933
578,1756700,3039
579,1727056,2982
580,1712165,2952
581,1741659,2997
582,1729341,2971
583,1705136,2924
584,1759174,3012
585,1723311,2945
586,1729822,2951
587,1734036,2954
588,1730991,2943
589,1745083,2962
590,1726077,2925
591,1740022,2944
592,1749300,2954
593,1771104,2986
594,1775714,2989
595,1751549,2943
596,1768168,2966
597,1774045,2971
598,1762856,2947
599,1757017,2933
600,1790894,2984
601,1774817,2953
602,1757624,2919
603,1802867,2989
604,1796098,2973
605,1786318,2952
606,1775535,2929
607,1786371,2942
608,1824305,3000
609,1814385,2979
610,1769240,2900
611,1824002,2985
612,1789815,2924
613,1809577,2952
614,1817724,2960
615,1820959,2960
616,1831692,2973
617,1809288,2932
618,1818063,2941
619,1828863,2954
620,1839467,2966
621,1843916,2969
622,1828652,2939
623,1862319,2989
624,1887305,3024
625,1841504,2946
626,1877540,2999
627,1836164,2928
628,1860323,2962
629,1920897,3053
630,1885329,2992
631,1864887,2955
632,1885964,2984
633,1881425,2972
634,1910730,3013
635,1868067,2941
636,1865776,2933
637,1941527,3047
638,1883863,2952
639,1864700,2918
640,1905692,2977
641,1915259,2987
642,1922227,2994
643,1878722,2921
644,1927822,2993
645,1914846,2968
646,1931673,2990
647,1901551,2939
648,1914793,2954
649,1920257,2958
650,1921355,2955
651,1899614,2917
652,1920333,2945
653,1918183,2937
654,1961148,2998
655,1920075,2931
656,1946723,2967
657,1976750,3008
658,1937616,2944
659,1954457,2965
660,1925762,2917
661,1935020,2927
662,1946162,2939
663,1973397,2976
664,1936241,2916
665,1985729,2986
666,1974035,2964
667,1955358,2931
668,1983786,2969
669,1989387,2973
670,1962705,2929
671,2009999,2995
672,1991774,2963
673,1993183,2961
674,2021309,2998
675,1985538,2941
676,1993900,2949
677,2026714,2993
678,2004418,2956
679,1979457,2915
680,2017487,2966
681,2015434,2959
682,2065808,3029
683,2026575,2967
684,2001646,2926
685,2200129,3211
686,2087970,3043
687,2014238,2931
688,2063513,2999
689,2047655,2971
690,2052562,2974
691,2047276,2962
692,2054608,2969
693,2063139,2977
694,2032719,2928
695,2068990,2976
696,2017343,2898
697,2045284,2934
698,2062106,2954
699,2051226,2934
700,2110588,3015
701,2085495,2975
702,2072321,2952
703,2092911,2977
704,2126068,3019
705,2080268,2950
706,2105456,2982
707,2068471,2925
708,2094742,2958
709,2124781,2996
710,2117827,2982
711,2138562,3007
712,2115052,2970
713,2133486,2992
714,2077547,2909
715,2134923,2985
716,2126118,2969
717,2106946,2938
718,2149811,2994
719,2154720,2996
720,2133959,2963
721,2156669,2991
722,2184440,3025
723,2112219,2921
724,2142476,2959
725,2178088,3004
726,2176345,2997
727,2185097,3005
728,2162013,2969
729,2169080,2975
730,2155854,2953
731,2197819,3006
732,2144193,2929
733,2240548,3056
734,2217388,3020
735,2198498,2991
736,2201117,2990
737,2199663,2984
738,2158996,2925
739,2219831,3003
740,2186074,2954
741,2200772,2970
742,2200045,2965
743,2177360,2930
744,2261024,3039
745,2184420,2932
746,2224090,2981
747,2227297,2981
748,2209092,2953
749,2245931,2998
750,2193948,2925
751,2211039,2944
752,2301207,3060
753,2220594,2948
754,2205683,2925
755,2226845,2949
756,2225400,2943
757,2258070,2982
758,2222469,2932
759,2333285,3074
760,2302928,3030
761,2240125,2943
762,2269809,2978
763,2241804,2938
764,2271984,2973
765,2256325,2949
766,2288540,2987
767,2275276,2966
768,2303070,2998
769,2303181,2995
770,2247184,2918
771,2333375,3026
772,2287103,2962
773,2260574,2924
774,2283122,2949
775,2299905,2967
776,2300113,2964
777,2297975,2957
778,2441060,3137
779,2369671,3041
780,2293459,2940
781,2387520,3057
782,2325740,2974
783,2309444,2949
784,2403675,3065
785,2330135,2968
786,2315868,2946
787,2324085,2953
788,2346303,2977
789,2342027,2968
790,2343617,2966
791,2335693,2952
792,2323882,2934
793,2345991,2958
794,2343131,2951
795,2343683,2948
796,2400646,3015
797,2349911,2948
798,2390359,2995
799,2363749,2958
800,2377742,2972
801,2359130,2945
802,2356775,2938
803,2370327,2951
804,2378880,2958
805,2397611,2978
806,2400392,2978
807,2361846,2926
808,2359531,2920
809,2396419,2962
810,2398391,2960
811,2407401,2968
812,2386188,2938
813,2536434,3119
814,2442461,3000
815,2417693,2966
816,2458240,3012
817,2444467,2992
818,2400299,2934
819,2446711,2987
820,2418123,2948
821,2470722,3009
822,3149353,3831
823,2450618,2977
824,2466534,2993
825,2439580,2957
826,2436546,2949
827,2543114,3075
828,2461061,2972
829,2496594,3011
830,2504544,3017
831,2469421,2971
832,2445477,2939
833,2478353,2975
834,2484369,2978
835,2466264,2953
836,2488276,2976
837,2472786,2954
838,2490187,2971
839,2541249,3028
840,2464190,2933
841,2484244,2953
842,2496479,2964
843,2491733,2955
844,2526146,2993
845,2517123,2978
846,2536214,2997
847,2532240,2989
848,2539369,2994
849,2557535,3012
850,2510107,2953
851,2525186,2967
852,2524147,2962
853,2531393,2967
854,2552656,2989
855,2499355,2923
856,2557285,2987
857,2538183,2961
858,2538867,2959
859,2569795,2991
860,2549208,2964
861,2544879,2955
862,2539799,2946
863,2570344,2978
864,2562729,2966
865,2551268,2949
866,2622704,3028
867,2556884,2949
868,2646278,3048
869,2575360,2963
870,2578355,2963
871,2592388,2976
872,2588076,2967
873,2571314,2945
874,2574235,2945
875,2566568,2933
876,2580976,2946
877,2681130,3057
878,2598318,2959
879,2607968,2966
880,2668019,3031
881,2588417,2938
882,2567172,2910
883,2688924,3045
884,2657078,3005
885,2620480,2960
886,2622431,2959
887,2609235,2941
888,2657093,2992
889,2680229,3014
890,2651500,2979
891,2628817,2950
892,2739376,3071
893,2628343,2943
894,2672278,2989
895,2723918,3043
896,2717207,3032
897,2634939,2937
898,2672197,2975
899,2667490,2967
900,2676176,2973
901,2655849,2947
902,2718745,3014
903,2641009,2924
904,2780324,3075
905,2690049,2972
906,2719908,3002
907,2677177,2951
908,2666771,2936
909,2731795,3005
910,2730110,3000
911,2690303,2953
912,2700286,2960
913,2768682,3032
914,2730372,2987
915,2794614,3054
916,2722191,2971
917,2728562,2975
918,2701710,2943
919,2714289,2953
920,2781609,3023
921,2733705,2968
922,2765264,2999
923,2709832,2935
924,2812632,3043
925,2762187,2986
926,2752072,2972
927,2783197,3002
928,2788848,3005
929,2777280,2989
930,2786746,2996
931,2733563,2936
932,2772266,2974
933,2761401,2959
934,2842253,3043
935,2760171,2952
936,2814896,3007
937,2801558,2989
938,2972715,3169
939,2781802,2962
940,2787277,2965
941,2801330,2976
942,2829394,3003
943,2786462,2954
944,2940457,3114
945,2762752,2923
946,2854745,3017
947,2856608,3016
948,2819218,2973
949,2842946,2995
950,2826088,2974
951,2802035,2946
952,2834508,2977
953,2896380,3039
954,2922806,3063
955,2803653,2935
956,2956078,3092
957,2861471,2990
958,2892433,3019
959,2873111,2995
960,2874567,2994
961,2845642,2961
962,2900148,3014
963,2825328,2933
964,2899100,3007
965,2886250,2990
966,2893421,2995
967,2863885,2961
968,2917287,3013
969,2869300,2961
970,2912917,3003
971,2890025,2976
972,2886472,2969
973,2870836,2950
974,2926960,3005
975,2953456,3029
976,2946091,3018
977,2895891,2964
978,3009704,3077
979,2898441,2960
980,2935684,2995
981,2880474,2936
982,2938552,2992
983,2955007,3006
984,2928834,2976
985,2922138,2966
986,2953741,2995
987,2935626,2974
988,2987138,3023
989,2956256,2989
990,2957194,2987
991,2969694,2996
992,2943832,2967
993,2936811,2957
994,3032840,3051
995,2960080,2974
996,2979472,2991
997,2949306,2958
998,2930427,2936
999,3185717,3188
1000,3010615,3010
1001,3456987,3453
1002,3044927,3038
1003,2975504,2966
1004,3001986,2990
1005,3030488,3015
1006,3042895,3024
1007,2990538,2969
1008,3042232,3018
1009,3016226,2989
1010,3022094,2992
1011,3039151,3006
1012,2998945,2963
1013,3041072,3002
1014,3035688,2993
1015,2991608,2947
1016,3081914,3033
1017,3017893,2967
1018,3075357,3020
1019,3033296,2976
1020,3092474,3031
1021,3069482,3006
1022,3063731,2997
1023,3013627,2945
1024,3065883,2994
1025,3029604,2955
1026,3030977,2954
1027,3045986,2965
1028,3084849,3000
1029,3032468,2947
1030,3094641,3004
1031,3048125,2956
1032,3112289,3015
1033,3078258,2979
1034,3123960,3021
1035,3087067,2982
1036,3096435,2988
1037,3085619,2975
1038,3072319,2959
1039,3111799,2994
1040,3104239,2984
1041,3059231,2938
1042,3105170,2980
1043,3064359,2938
1044,3134393,3002
1045,3101241,2967
1046,3088380,2952
1047,3098856,2959
1048,3119479,2976
1049,3121363,2975
1050,3168137,3017
1051,3138646,2986
1052,3151049,2995
1053,3155530,2996
1054,3167822,3005
1055,3109392,2947
1056,3199401,3029
1057,3167607,2996
1058,3215726,3039
1059,3155959,2980
1060,3248546,3064
1061,3170873,2988
1062,3163247,2978
1063,3141886,2955
1064,3210512,3017
1065,3207401,3011
1066,3149490,2954
1067,3235742,3032
1068,3162650,2961
1069,3194083,2987
1070,3242406,3030
1071,3165636,2955
1072,3173541,2960
1073,3160873,2945
1074,3202532,2981
1075,3178778,2957
1076,3229903,3001
1077,3222525,2992
1078,3211638,2979
1079,3267156,3027
1080,3225953,2986
1081,3247153,3003
1082,3272821,3024
1083,3201091,2955
1084,3261265,3008
1085,3293159,3035
1086,3240575,2983
1087,3236712,2977
1088,3217792,2957
1089,3230847,2966
1090,3254347,2985
1091,3194087,2927
1092,3271259,2995
1093,3190088,2918
1094,3291033,3008
1095,3287958,3002
1096,3252446,2967
1097,3215913,2931
1098,3275631,2983
1099,3276575,2981
1100,3310373,3009
1101,3264709,2965
1102,3297305,2992
1103,3282995,2976
1104,3315505,3003
1105,3275843,2964
1106,3315063,2997
1107,3248801,2934
1108,3303414,2981
1109,3287108,2964
1110,3305323,2977
1111,3319351,2987
1112,3350646,3013
1113,3284680,2951
1114,3305544,2967
1115,3306255,2965
1116,3385140,3033
1117,3292096,2947
1118,3348896,2995
1119,3332715,2978
1120,3357308,2997
1121,3299860,2943
1122,3401475,3031
1123,3350805,2983
1124,3396383,3021
1125,3423970,3043
1126,3338578,2964
1127,3325532,2950
1128,3407522,3020
1129,3368000,2983
1130,3409700,3017
1131,3348463,2960
1132,3405131,3008
1133,3394085,2995
1134,3394342,2993
1135,3392007,2988
1136,3419624,3010
1137,3361646,2956
1138,3374791,2965
1139,3344029,2935
1140,3508283,3077
1141,3377426,2960
1142,3387140,2965
1143,3344567,2926
1144,3403249,2974
1145,3360571,2934
1146,3491468,3046
1147,4853009,4231
1148,3969132,3457
1149,3396048,2955
1150,3410158,2965
1151,3605065,3132
1152,3215412,2791
1153,3418257,2964
1154,4947399,4287
1155,4004088,3466
1156,3458357,2991
1157,3432556,2966
1158,3465398,2992
1159,3504910,3024
1160,3424030,2951
1161,3453780,2974
1162,3506209,3017
1163,3495938,3005
1164,3455315,2968
1165,3501007,3005
1166,3484011,2988
1167,3486626,2987
1168,3565754,3052
1169,3472478,2970
1170,3444523,2944
1171,3472070,2965
1172,3502029,2988
1173,3600485,3069
1174,3488593,2971
1175,3461109,2945
1176,3497474,2974
1177,3569815,3032
1178,3516965,2985
1179,3523684,2988
1180,3447097,2921
1181,3531574,2990
1182,3538097,2993
1183,3580856,3026
1184,3572616,3017
1185,3594646,3033
1186,3510550,2959
1187,3532964,2976
1188,3441174,2896
1189,3602359,3029
1190,3521178,2958
1191,3566186,2994
1192,3569448,2994
1193,3627735,3040
1194,3554804,2977
1195,3522605,2947
1196,3503473,2929
1197,3644320,3044
1198,3532998,2949
1199,3590914,2994
1200,3535462,2946
1201,3555532,2960
1202,3576149,2975
1203,3573432,2970
1204,3551496,2949
1205,3636749,3018
1206,3524592,2922
1207,3630012,3007
1208,3580578,2964
1209,3622796,2996
1210,3577586,2956
1211,3570750,2948
1212,3581424,2954
1213,3679624,3033
1214,3569142,2939
1215,3657829,3010
1216,3559015,2926
1217,3619348,2973
1218,3654528,3000
1219,3627303,2975
1220,3563033,2920
1221,3623597,2967
1222,3601418,2947
1223,3626352,2965
1224,3688220,3013
1225,3715597,3033
1226,3604005,2939
1227,3635274,2962
1228,3614494,2943
1229,3722730,3029
1230,3777991,3071
1231,3679311,2988
1232,3623440,2941
1233,3653832,2963
1234,3666596,2971
1235,3704789,2999
1236,3746152,3030
1237,3656903,2956
1238,3624335,2927
1239,3671927,2963
1240,3708721,2990
1241,3753125,3024
1242,3649511,2938
1243,3710781,2985
1244,3710889,2983
1245,3692636,2965
1246,3708381,2976
1247,3676281,2948
1248,3677368,2946
1249,3725691,2982
1250,3736746,2989
1251,3710763,2966
1252,3719961,2971
1253,3779665,3016
1254,3712066,2960
1255,3767314,3001
1256,3732726,2971
1257,3733290,2970
1258,3672637,2919
1259,3745933,2975
1260,3857862,3061
1261,3754686,2977
1262,3684182,2919
1263,3877754,3070
1264,3727064,2948
1265,3842998,3037
1266,3682065,2908
1267,3821549,3016
1268,3761287,2966
1269,3902009,3074
1270,3767034,2966
1271,3835368,3017
1272,3762433,2957
1273,3788795,2976
1274,3756382,2948
1275,3798884,2979
1276,3804610,2981
1277,4070872,3187
1278,3791829,2967
1279,3813460,2981
1280,3754560,2933
1281,3861219,3014
1282,3763930,2935
1283,3807358,2967
1284,3805335,2963
1285,3948498,3072
1286,3797393,2952
1287,3814283,2963
1288,3765654,2923
1289,3895050,3021
1290,3807850,2951
1291,3855369,2986
1292,3861940,2989
1293,3806769,2944
1294,3873721,2993
1295,3885364,3000
1296,3784469,2920
1297,3862904,2978
1298,3895773,3001
1299,3937992,3031
1300,3849185,2960
1301,3830331,2944
1302,3858302,2963
1303,3911805,3002
1304,3832894,2939
1305,3840291,2942
1306,3849546,2947
1307,4473925,3423
1308,3876919,2964
1309,3793257,2897
1310,3856084,2943
1311,3858301,2943
1312,3887237,2962
1313,3932767,2995
1314,3913525,2978
1315,3884968,2954
1316,3868337,2939
1317,3933167,2986
1318,3888902,2950
1319,3977194,3015
1320,3872780,2933
1321,3919890,2967
1322,3919061,2964
1323,3931330,2971
1324,3953823,2986
1325,3905617,2947
1326,3908263,2947
1327,3977538,2997
1328,3900408,2937
1329,4032113,3033
1330,3861433,2903
1331,3948582,2966
1332,3916583,2940
1333,4002428,3002
1334,4004400,3001
1335,4000591,2996
1336,3943146,2951
1337,3983890,2979
1338,3941491,2945
1339,4034898,3013
1340,3955787,2952
1341,4078249,3041
1342,3975141,2962
1343,3992141,2972
1344,4073750,3031
1345,4072309,3027
1346,4023235,2989
1347,4005701,2973
1348,3965771,2941
1349,4038373,2993
1350,4056286,3004
1351,4081546,3021
1352,4022083,2974
1353,4059282,3000
1354,3997667,2952
1355,4078140,3009
1356,4062725,2996
1357,4009069,2954
1358,4069358,2996
1359,4069742,2994
1360,4045105,2974
1361,4052911,2977
1362,3979756,2921
1363,4064769,2982
1364,4019411,2946
1365,4140975,3033
1366,4060675,2972
1367,4058081,2968
1368,4036830,2950
1369,4091723,2988
1370,4044735,2952
1371,4103285,2992
1372,4072233,2968
1373,4078473,2970
1374,4050184,2947
1375,4090455,2974
1376,4084141,2968
1377,5067110,3679
1378,4041689,2933
1379,4752969,3446
1380,4155854,3011
1381,4157926,3010
1382,4078616,2951
1383,4123078,2981
1384,4112280,2971
1385,4214021,3042
1386,4105130,2961
1387,4176798,3011
1388,4079628,2939
1389,4121521,2967
1390,4125157,2967
1391,4168414,2996
1392,4095524,2942
1393,4223493,3031
1394,4180160,2998
1395,4133439,2963
1396,4157765,2978
1397,4176986,2989
1398,4095975,2929
1399,4197478,3000
1400,4182958,2987
1401,4168940,2975
1402,4154960,2963
1403,4183718,2981
1404,4178877,2976
1405,4255985,3029
1406,4137790,2942
1407,4293710,3051
1408,4148069,2946
1409,4205556,2984
1410,4144677,2939
1411,4210476,2984
1412,4178141,2959
1413,4237709,2999
1414,4179584,2955
1415,4228229,2988
1416,4154583,2934
1417,4208350,2969
1418,4207253,2967
1419,4247591,2993
1420,4215102,2968
1421,4354243,3064
1422,4201277,2954
1423,4215176,2962
1424,4224295,2966
1425,4264104,2992
1426,4218637,2958
1427,4259857,2985
1428,4229177,2961
1429,4244351,2970
1430,4189830,2929
1431,4265354,2980
1432,4209632,2939
1433,4248862,2965
1434,4249894,2963
1435,4291873,2990
1436,4229988,2945
1437,4260126,2964
1438,4239017,2947
1439,4277701,2972
1440,4300092,2986
1441,4270207,2963
1442,4293855,2977
1443,4310692,2987
1444,4266641,2954
1445,4298631,2974
1446,4263157,2948
1447,4276870,2955
1448,4232993,2923
1449,4903477,3384
1450,4277555,2950
1451,4310950,2971
1452,4265557,2937
1453,4298087,2958
1454,4297542,2955
1455,4333216,2978
1456,4245611,2915
1457,4363903,2995
1458,4332711,2971
1459,4355236,2985
1460,4350372,2979
1461,4386206,3002
1462,4299121,2940
1463,4374375,2990
1464,4364913,2981
1465,4417360,3015
1466,4337333,2958
1467,4403283,3001
1468,4312362,2937
1469,4392292,2989
1470,4337896,2950
1471,4390833,2984
1472,4356827,2959
1473,4413062,2995
1474,4345796,2948
1475,4420296,2996
1476,4333733,2936
1477,4505148,3050
1478,4391867,2971
1479,4455446,3012
1480,4444051,3002
1481,4483888,3027
1482,4392919,2964
1483,4436519,2991
1484,4376770,2949
1485,4426399,2980
1486,4397467,2959
1487,4452863,2994
1488,4352737,2925
1489,4433481,2977
1490,4363305,2928
1491,4415776,2961
1492,4458182,2988
1493,4468661,2993
1494,4450722,2979
1495,4485614,3000
1496,4423208,2956
1497,4537630,3031
1498,4448337,2969
1499,4495773,2999
1500,4452996,2968
1501,4470007,2978
1502,4478309,2981
1503,4546554,3024
1504,4426583,2943
1505,4483730,2979
1506,4467799,2966
1507,4534818,3009
1508,4426529,2935
1509,4513593,2991
1510,4513854,2989
1511,4523746,2993
1512,4496254,2973
1513,4517262,2985
1514,4482947,2960
1515,4520671,2983
1516,4509858,2974
1517,4877808,3215
1518,4481048,2951
1519,4553105,2997
1520,4458219,2933
1521,4523625,2974
1522,4493916,2952
1523,4561796,2995
1524,4540311,2979
1525,4563405,2992
1526,4494469,2945
1527,4551602,2980
1528,4523707,2960
1529,4586618,2999
1530,4496278,2938
1531,4517940,2950
1532,4561075,2977
1533,4607190,3005
1534,4509534,2939
1535,4582276,2985
1536,4530968,2949
1537,4570689,2973
1538,4521763,2940
1539,4599700,2988
1540,4560488,2961
1541,4563418,2961
1542,4558264,2956
1543,4564746,2958
1544,4617440,2990
1545,4594503,2973
1546,4573769,2958
1547,4588288,2965
1548,4567168,2950
1549,4682142,3022
1550,4621424,2981
1551,4663924,3007
1552,4570397,2944
1553,4590013,2955
1554,4638052,2984
1555,4667600,3001
1556,4564105,2933
1557,4626459,2971
1558,4580430,2939
1559,4609728,2956
1560,4544276,2912
1561,4620711,2960
1562,4677439,2994
1563,4689984,3000
1564,4619142,2953
1565,4679798,2990
1566,4617981,2948
1567,4662545,2975
1568,4617243,2944
1569,4713926,3004
1570,4700033,2993
1571,4671421,2973
1572,4706456,2993
1573,4666506,2966
1574,4684913,2976
1575,4698072,2982
1576,4639797,2944
1577,4696817,2978
1578,4644560,2943
1579,4713086,2984
1580,4635581,2933
1581,4735078,2994
1582,4675071,2955
1583,4697077,2967
1584,4707729,2972
1585,4680259,2952
1586,4679990,2950
1587,4796781,3022
1588,4683573,2949
1589,4761551,2996
1590,4714711,2965
1591,4799368,3016
1592,4700168,2952
1593,4706698,2954
1594,4738092,2972
1595,4722916,2961
1596,4814750,3016
1597,4735355,2965
1598,4734977,2963
1599,4744847,2967
1600,4707726,2942
1601,4799680,2997
1602,4700500,2934
1603,4829278,3012
1604,4730298,2949
1605,4811626,2997
1606,4830582,3007
1607,4859210,3023
1608,4712857,2930
1609,4827362,3000
1610,4770647,2963
1611,4774167,2963
1612,4778255,2964
1613,4821328,2989
1614,4748831,2942
1615,4804978,2975
1616,4835017,2991
1617,4847494,2997
1618,4766364,2945
1619,4825929,2980
1620,4838147,2986
1621,4797259,2959
1622,4852806,2991
1623,4861444,2995
1624,4817834,2966
1625,4784710,2944
1626,4860953,2989
1627,4861301,2987
1628,4825071,2963
1629,4864923,2986
1630,4833627,2965
1631,4842368,2968
1632,4873293,2986
1633,4932732,3020
1634,4878176,2985
1635,4816110,2945
1636,4871957,2977
1637,4854814,2965
1638,4904185,2994
1639,4985306,3041
1640,4886282,2979
1641,4879275,2973
1642,4872921,2967
1643,4831249,2940
1644,4927732,2997
1645,4922474,2992
1646,4826844,2932
1647,4902370,2976
1648,5398467,3275
1649,4930013,2989
1650,4910026,2975
1651,4921200,2980
1652,4934787,2987
1653,5009487,3030
1654,4918851,2973
1655,4932393,2980
1656,4918275,2969
1657,4912324,2964
1658,4963258,2993
1659,4985071,3004
1660,4897768,2950
1661,4937409,2972
1662,4887349,2940
1663,4979032,2994
1664,4951630,2975
1665,4986881,2995
1666,4927375,2957
1667,4984653,2990
1668,5022920,3011
1669,4936727,2957
1670,4966764,2974
1671,4965642,2971
1672,4955286,2963
1673,5005416,2991
1674,4934980,2948
1675,5007538,2989
1676,4953716,2955
1677,4975677,2967
1678,4978290,2966
1679,4976847,2964
1680,5003055,2978
1681,4972590,2958
1682,4961007,2949
1683,4987466,2963
1684,4976925,2955
1685,5060275,3003
1686,4957197,2940
1687,5009893,2969
1688,4956001,2936
1689,5056631,2993
1690,5026104,2974
1691,5031762,2975
1692,4967527,2935
1693,5007116,2957
1694,5032490,2970
1695,5015086,2958
1696,5074361,2991
1697,5027110,2962
1698,5036479,2966
1699,5064289,2980
1700,5068831,2981
1701,5038422,2962
1702,5036060,2958
1703,5032380,2955
1704,5033210,2953
1705,5093480,2987
1706,5031924,2949
1707,5034798,2949
1708,4980471,2915
1709,5146333,3011
1710,5063309,2960
1711,5656409,3305
1712,5065674,2958
1713,5158565,3011
1714,5066597,2956
1715,5065452,2953
1716,5160131,3007
1717,5076906,2956
1718,5041348,2934
1719,5144265,2992
1720,5107198,2969
1721,5215052,3030
1722,5133255,2980
1723,5086260,2951
1724,5146396,2985
1725,5145910,2983
1726,5134768,2974
1727,5115270,2961
1728,5088102,2944
1729,5193697,3003
1730,5074291,2933
1731,5175169,2989
1732,5136933,2965
1733,5242183,3024
1734,5132663,2960
1735,5127999,2955
1736,5090818,2932
1737,5184677,2984
1738,5166573,2972
1739,5179739,2978
1740,5200692,2988
1741,5229934,3003
1742,5169511,2967
1743,5198989,2982
1744,5235777,3002
1745,5227851,2995
1746,5177848,2965
1747,5230136,2993
1748,5219235,2985
1749,5272404,3014
1750,5196506,2969
1751,5244891,2995
1752,5182813,2958
1753,5231566,2984
1754,5216906,2974
1755,5201015,2963
1756,5151858,2933
1757,5269570,2999
1758,5279863,3003
1759,5267980,2994
1760,5207955,2959
1761,5234184,2972
1762,5248901,2978
1763,5233255,2968
1764,5247328,2974
1765,5228403,2962
1766,5204148,2946
1767,5310019,3005
1768,5280940,2986
1769,5247081,2966
1770,5276583,2981
1771,5315614,3001
1772,5382505,3037
1773,5285839,2981
1774,5274283,2973
1775,5276503,2972
1776,5273727,2969
1777,5359906,3016
1778,5277860,2968
1779,5273259,2964
1780,5337435,2998
1781,5356877,3007
1782,5315099,2982
1783,5312682,2979
1784,5312235,2977
1785,5337694,2990
1786,5360424,3001
1787,5327435,2981
1788,5353571,2994
1789,5341683,2985
1790,5296074,2958
1791,5329049,2975
1792,5286113,2949
1793,5290675,2950
1794,5354034,2984
1795,5360565,2986
1796,5295376,2948
1797,5334701,2968
1798,5322436,2960
1799,5323015,2958
1800,5312559,2951
1801,5405266,3001
1802,5330715,2958
1803,5456758,3026
1804,5364009,2973
1805,5383878,2982
1806,5319958,2945
1807,5365847,2969
1808,5431785,3004
1809,5397378,2983
1810,5536289,3058
1811,5369050,2964
1812,5442909,3003
1813,5384146,2969
1814,5465038,3012
1815,5516962,3039
1816,5368553,2956
1817,5476415,3013
1818,5371303,2954
1819,5497338,3022
1820,5455921,2997
1821,5448196,2991
1822,5451122,2991
1823,5435691,2981
1824,5429779,2976
1825,5501997,3014
1826,5403618,2959
1827,5451805,2984
1828,5499687,3008
1829,5441835,2975
1830,5442175,2973
1831,5481815,2993
1832,5912918,3227
1833,5423887,2959
1834,5443448,2968
1835,5548925,3023
1836,5454038,2970
1837,5472593,2979
1838,5420746,2949
1839,5560972,3023
1840,5498204,2988
1841,5543406,3011
1842,5479534,2974
1843,5570359,3022
1844,5537735,3003
1845,5464710,2961
1846,5466019,2961
1847,5563347,3012
1848,5471229,2960
1849,5511265,2980
1850,5452085,2947
1851,5540457,2993
1852,5452935,2944
1853,5478556,2956
1854,5514212,2974
1855,5508562,2969
1856,5437062,2929
1857,5547759,2987
1858,5532978,2977
1859,5456529,2935
1860,5512079,2963
1861,5485871,2947
1862,5538114,2974
1863,5478866,2940
1864,5534432,2969
1865,5534572,2967
1866,5521980,2959
1867,5653027,3027
1868,5508444,2948
1869,5612327,3002
1870,5521095,2952
1871,5625236,3006
1872,5622770,3003
1873,5497704,2935
1874,5528121,2949
1875,5605212,2989
1876,5633641,3003
1877,5583990,2974
1878,5615649,2990
1879,5586600,2973
1880,5543867,2948
1881,5579158,2966
1882,5591525,2971
1883,5601950,2975
1884,5537049,2938
1885,5658124,3001
1886,6035357,3200
1887,5569958,2951
1888,5595691,2963
1889,5576908,2952
1890,5665635,2997
1891,5565629,2943
1892,5594727,2957
1893,5756704,3041
1894,5647646,2981
1895,5653259,2983
1896,5639088,2974
1897,5648813,2977
1898,5605032,2953
1899,5611022,2954
1900,5613381,2954
1901,5636666,2965
1902,5612215,2950
1903,5599161,2942
1904,5648608,2966
1905,5685418,2984
1906,5645304,2961
1907,5668679,2972
1908,5716731,2996
1909,5645123,2957
1910,5731751,3000
1911,5698490,2981
1912,5704812,2983
1913,5721915,2991
1914,5664199,2959
1915,5708478,2980
1916,5704780,2977
1917,5757285,3003
1918,5717889,2981
1919,5679818,2959
1920,5696881,2967
1921,5842723,3041
1922,5735738,2984
1923,5716303,2972
1924,5721082,2973
1925,5850643,3039
1926,5730828,2975
1927,5714867,2965
1928,5704567,2958
1929,5706461,2958
1930,5727133,2967
1931,5848568,3028
1932,5723315,2962
1933,5675532,2936
1934,5798486,2998
1935,5708890,2950
1936,5851904,3022
1937,5742435,2964
1938,5759697,2971
1939,5752299,2966
1940,5742894,2960
1941,5730909,2952
1942,5794517,2983
1943,5779829,2974
1944,5763315,2964
1945,5724743,2943
1946,5978732,3072
1947,5808489,2983
1948,5738348,2945
1949,5834197,2993
1950,5795869,2972
1951,5746350,2945
1952,5877819,3011
1953,5815153,2977
1954,5811559,2974
1955,5843593,2989
1956,5809929,2970
1957,5833785,2980
1958,5816870,2970
1959,5821627,2971
1960,5838767,2978
1961,5772011,2943
1962,5808977,2960
1963,5839071,2974
1964,5809706,2958
1965,5789074,2946
1966,5888164,2994
1967,5823444,2960
1968,5866748,2981
1969,5807990,2949
1970,5862893,2976
1971,5846588,2966
1972,5813076,2947
1973,5813818,2946
1974,5843807,2960
1975,6136170,3106
1976,5874555,2972
1977,5894634,2981
1978,5956282,3011
1979,5869971,2966
1980,5849151,2954
1981,5910021,2983
1982,5940558,2997
1983,5913100,2981
1984,5893971,2970
1985,5903444,2974
1986,5861761,2951
1987,5853357,2945
1988,5859455,2947
1989,5904372,2968
1990,5955867,2992
1991,5967164,2997
1992,5964383,2994
1993,5925836,2973
1994,5947684,2982
1995,5885592,2950
1996,5980263,2996
1997,5940732,2974
1998,5919488,2962
1999,6041311,3022
2000,5929317,2964
2001,5933150,2965
2002,5928651,2961
2003,5939724,2965
2004,6002357,2995
2005,5978220,2981
2006,5949958,2966
2007,5956049,2967
2008,6002547,2989
2009,5963648,2968
2010,6005812,2987
2011,5971120,2969
2012,5922701,2943
2013,5935115,2948
2014,5978356,2968
2015,5959744,2957
2016,5979450,2965
2017,5994725,2972
2018,5968617,2957
2019,6018332,2980
2020,6051887,2995
2021,6046491,2991
2022,5953627,2944
2023,6004261,2967
2024,5976560,2952
2025,6037524,2981
2026,6052985,2987
2027,6012237,2966
2028,5982028,2949
2029,6023415,2968
2030,6065609,2987
2031,6071036,2989
2032,6007075,2956
2033,6041015,2971
2034,6022707,2961
2035,6069340,2982
2036,5980855,2937
2037,6064515,2977
2038,6001265,2944
2039,6022990,2953
2040,5971369,2927
2041,6047122,2962
2042,6061643,2968
2043,6032052,2952
2044,6146784,3007
2045,6045626,2956
2046,6093932,2978
2047,6053914,2957
